Sensor_ID,Date,Time,CO2_concentration
335,2016-09-12,00:00:00.000,386.045362
335,2016-09-12,00:15:00.000,384.713317
335,2016-09-12,00:30:00.000,384.721174
335,2016-09-12,00:45:00.000,383.165813
335,2016-09-12,01:00:00.000,383.165813
335,2016-09-12,01:15:00.000,383.165813
335,2016-09-12,01:30:00.000,386.276535
335,2016-09-12,01:45:00.000,383.165813
335,2016-09-12,02:00:00.000,383.165813
335,2016-09-12,02:15:00.000,384.721174
335,2016-09-12,02:30:00.000,380.055091
335,2016-09-12,02:45:00.000,384.721174
335,2016-09-12,03:00:00.000,384.721174
335,2016-09-12,03:15:00.000,380.055091
335,2016-09-12,03:30:00.000,381.610452
335,2016-09-12,03:45:00.000,386.276535
335,2016-09-12,04:00:00.000,383.165813
335,2016-09-12,04:15:00.000,384.721174
335,2016-09-12,04:30:00.000,384.721174
335,2016-09-12,04:45:00.000,380.055091
335,2016-09-12,05:00:00.000,383.165813
335,2016-09-12,05:15:00.000,384.721174
335,2016-09-12,05:30:00.000,383.165813
335,2016-09-12,05:45:00.000,386.276535
335,2016-09-12,06:00:00.000,383.165813
335,2016-09-12,06:15:00.000,380.055091
335,2016-09-12,06:30:00.000,384.721174
335,2016-09-12,06:45:00.000,380.055091
335,2016-09-12,07:00:00.000,404.940868
335,2016-09-12,07:15:00.000,411.162312
335,2016-09-12,07:30:00.000,411.162312
335,2016-09-12,07:45:00.000,415.828395
335,2016-09-12,08:00:00.000,418.939117
335,2016-09-12,08:15:00.000,429.826644
335,2016-09-12,08:30:00.000,423.6052
335,2016-09-12,08:45:00.000,436.048089
335,2016-09-12,09:00:00.000,446.935616
335,2016-09-12,09:15:00.000,457.823143
335,2016-09-12,09:30:00.000,454.712421
335,2016-09-12,09:45:00.000,462.489226
335,2016-09-12,10:00:00.000,465.599948
335,2016-09-12,10:15:00.000,457.823143
335,2016-09-12,10:30:00.000,453.15706
335,2016-09-12,10:45:00.000,450.046338
335,2016-09-12,11:00:00.000,445.380255
335,2016-09-12,11:15:00.000,445.380255
335,2016-09-12,11:30:00.000,442.269533
335,2016-09-12,11:45:00.000,454.712421
335,2016-09-12,12:00:00.000,450.046338
335,2016-09-12,12:15:00.000,450.046338
335,2016-09-12,12:30:00.000,443.824894
335,2016-09-12,12:45:00.000,453.15706
335,2016-09-12,13:00:00.000,460.933865
335,2016-09-12,13:15:00.000,462.489226
335,2016-09-12,13:30:00.000,481.153559
335,2016-09-12,13:45:00.000,521.592946
335,2016-09-12,14:00:00.000,521.592946
335,2016-09-12,14:15:00.000,529.369751
335,2016-09-12,14:30:00.000,512.26078
335,2016-09-12,14:45:00.000,504.483974
335,2016-09-12,15:00:00.000,516.926863
335,2016-09-12,15:15:00.000,468.71067
335,2016-09-12,15:30:00.000,460.933865
335,2016-09-12,15:45:00.000,459.378504
335,2016-09-12,16:00:00.000,446.935616
335,2016-09-12,16:15:00.000,434.492728
335,2016-09-12,16:30:00.000,425.160561
335,2016-09-12,16:45:00.000,448.490977
335,2016-09-12,17:00:00.000,468.71067
335,2016-09-12,17:15:00.000,426.715922
335,2016-09-12,17:30:00.000,408.05159
335,2016-09-12,17:45:00.000,400.274785
335,2016-09-12,18:00:00.000,392.497979
335,2016-09-12,18:15:00.000,384.721174
335,2016-09-12,18:30:00.000,384.721174
335,2016-09-12,18:45:00.000,381.610452
335,2016-09-12,19:00:00.000,381.610452
335,2016-09-12,19:15:00.000,384.721174
335,2016-09-12,19:30:00.000,380.055091
335,2016-09-12,19:45:00.000,378.49973
335,2016-09-12,20:00:00.000,380.055091
335,2016-09-12,20:15:00.000,381.610452
335,2016-09-12,20:30:00.000,380.055091
335,2016-09-12,20:45:00.000,381.610452
335,2016-09-12,21:00:00.000,378.49973
335,2016-09-12,21:15:00.000,380.055091
335,2016-09-12,21:30:00.000,381.610452
335,2016-09-12,21:45:00.000,383.165813
335,2016-09-12,22:00:00.000,380.055091
335,2016-09-12,22:15:00.000,383.165813
335,2016-09-12,22:30:00.000,381.610452
335,2016-09-12,22:45:00.000,378.49973
335,2016-09-12,23:00:00.000,380.055091
335,2016-09-12,23:15:00.000,380.055091
335,2016-09-12,23:30:00.000,378.49973
335,2016-09-12,23:45:00.000,380.055091
335,2016-09-13,00:00:00.000,380.055091
335,2016-09-13,00:15:00.000,376.944369
335,2016-09-13,00:30:00.000,380.160545
335,2016-09-13,00:45:00.000,378.14054
335,2016-09-13,01:00:00.000,382.180551
335,2016-09-13,01:15:00.000,378.14054
335,2016-09-13,01:30:00.000,382.180551
335,2016-09-13,01:45:00.000,378.14054
335,2016-09-13,02:00:00.000,380.160545
335,2016-09-13,02:15:00.000,380.160545
335,2016-09-13,02:30:00.000,384.200556
335,2016-09-13,02:45:00.000,384.200556
335,2016-09-13,03:00:00.000,382.180551
335,2016-09-13,03:15:00.000,380.160545
335,2016-09-13,03:30:00.000,378.14054
335,2016-09-13,03:45:00.000,380.160545
335,2016-09-13,04:00:00.000,382.180551
335,2016-09-13,04:15:00.000,380.160545
335,2016-09-13,04:30:00.000,378.14054
335,2016-09-13,04:45:00.000,380.160545
335,2016-09-13,05:00:00.000,380.160545
335,2016-09-13,05:15:00.000,384.200556
335,2016-09-13,05:30:00.000,380.160545
335,2016-09-13,05:45:00.000,380.160545
335,2016-09-13,06:00:00.000,382.180551
335,2016-09-13,06:15:00.000,384.200556
335,2016-09-13,06:30:00.000,392.280578
335,2016-09-13,06:45:00.000,398.340594
335,2016-09-13,07:00:00.000,400.360599
335,2016-09-13,07:15:00.000,406.420615
335,2016-09-13,07:30:00.000,462.980765
335,2016-09-13,07:45:00.000,442.780711
335,2016-09-13,08:00:00.000,446.820722
335,2016-09-13,08:15:00.000,452.880738
335,2016-09-13,08:30:00.000,460.96076
335,2016-09-13,08:45:00.000,460.96076
335,2016-09-13,09:00:00.000,507.420883
335,2016-09-13,09:15:00.000,527.620936
335,2016-09-13,09:30:00.000,501.360867
335,2016-09-13,09:45:00.000,501.360867
335,2016-09-13,10:00:00.000,555.901011
335,2016-09-13,10:15:00.000,531.660947
335,2016-09-13,10:30:00.000,523.580926
335,2016-09-13,10:45:00.000,543.780979
335,2016-09-13,11:00:00.000,537.720963
335,2016-09-13,11:15:00.000,507.420883
335,2016-09-13,11:30:00.000,503.380872
335,2016-09-13,11:45:00.000,509.440888
335,2016-09-13,12:00:00.000,513.480899
335,2016-09-13,12:15:00.000,513.480899
335,2016-09-13,12:30:00.000,509.440888
335,2016-09-13,12:45:00.000,519.540915
335,2016-09-13,13:00:00.000,521.56092
335,2016-09-13,13:15:00.000,521.56092
335,2016-09-13,13:30:00.000,566.001038
335,2016-09-13,13:45:00.000,555.901011
335,2016-09-13,14:00:00.000,531.660947
335,2016-09-13,14:15:00.000,529.640942
335,2016-09-13,14:30:00.000,515.500904
335,2016-09-13,14:45:00.000,501.360867
335,2016-09-13,15:00:00.000,505.400877
335,2016-09-13,15:15:00.000,497.320856
335,2016-09-13,15:30:00.000,497.320856
335,2016-09-13,15:45:00.000,485.200824
335,2016-09-13,16:00:00.000,483.180819
335,2016-09-13,16:15:00.000,473.080792
335,2016-09-13,16:30:00.000,448.840727
335,2016-09-13,16:45:00.000,523.580926
335,2016-09-13,17:00:00.000,438.740701
335,2016-09-13,17:15:00.000,410.460626
335,2016-09-13,17:30:00.000,394.300583
335,2016-09-13,17:45:00.000,390.260572
335,2016-09-13,18:00:00.000,380.160545
335,2016-09-13,18:15:00.000,376.120535
335,2016-09-13,18:30:00.000,372.080524
335,2016-09-13,18:45:00.000,370.060519
335,2016-09-13,19:00:00.000,368.040513
335,2016-09-13,19:15:00.000,368.040513
335,2016-09-13,19:30:00.000,370.060519
335,2016-09-13,19:45:00.000,366.020508
335,2016-09-13,20:00:00.000,368.040513
335,2016-09-13,20:15:00.000,372.080524
335,2016-09-13,20:30:00.000,370.060519
335,2016-09-13,20:45:00.000,370.060519
335,2016-09-13,21:00:00.000,370.060519
335,2016-09-13,21:15:00.000,372.080524
335,2016-09-13,21:30:00.000,376.120535
335,2016-09-13,21:45:00.000,372.080524
335,2016-09-13,22:00:00.000,374.100529
335,2016-09-13,22:15:00.000,376.120535
335,2016-09-13,22:30:00.000,376.120535
335,2016-09-13,22:45:00.000,378.14054
335,2016-09-13,23:00:00.000,378.14054
335,2016-09-13,23:15:00.000,378.14054
335,2016-09-13,23:30:00.000,378.14054
335,2016-09-13,23:45:00.000,378.14054
335,2016-09-14,00:00:00.000,380.160545
335,2016-09-14,00:15:00.000,378.14054
335,2016-09-14,00:30:00.000,378.14054
335,2016-09-14,00:45:00.000,380.160545
335,2016-09-14,01:00:00.000,378.14054
335,2016-09-14,01:15:00.000,380.160545
335,2016-09-14,01:30:00.000,380.160545
335,2016-09-14,01:45:00.000,380.160545
335,2016-09-14,02:00:00.000,380.160545
335,2016-09-14,02:15:00.000,382.180551
335,2016-09-14,02:30:00.000,380.160545
335,2016-09-14,02:45:00.000,380.160545
335,2016-09-14,03:00:00.000,378.14054
335,2016-09-14,03:15:00.000,380.160545
335,2016-09-14,03:30:00.000,380.160545
335,2016-09-14,03:45:00.000,382.180551
335,2016-09-14,04:00:00.000,380.160545
335,2016-09-14,04:15:00.000,380.160545
335,2016-09-14,04:30:00.000,380.160545
335,2016-09-14,04:45:00.000,384.200556
335,2016-09-14,05:00:00.000,384.200556
335,2016-09-14,05:15:00.000,384.200556
335,2016-09-14,05:30:00.000,380.160545
335,2016-09-14,05:45:00.000,384.200556
335,2016-09-14,06:00:00.000,380.160545
335,2016-09-14,06:15:00.000,384.200556
335,2016-09-14,06:30:00.000,384.200556
335,2016-09-14,06:45:00.000,392.280578
335,2016-09-14,07:00:00.000,398.340594
335,2016-09-14,07:15:00.000,402.380604
335,2016-09-14,07:30:00.000,402.380604
335,2016-09-14,07:45:00.000,410.460626
335,2016-09-14,08:00:00.000,416.520642
335,2016-09-14,08:15:00.000,426.620669
335,2016-09-14,08:30:00.000,424.600663
335,2016-09-14,08:45:00.000,434.70069
335,2016-09-14,09:00:00.000,469.040781
335,2016-09-14,09:15:00.000,483.180819
335,2016-09-14,09:30:00.000,505.400877
335,2016-09-14,09:45:00.000,539.740968
335,2016-09-14,10:00:00.000,533.680952
335,2016-09-14,10:15:00.000,521.56092
335,2016-09-14,10:30:00.000,527.620936
335,2016-09-14,10:45:00.000,537.720963
335,2016-09-14,11:00:00.000,541.760974
335,2016-09-14,11:15:00.000,539.740968
335,2016-09-14,11:30:00.000,533.680952
335,2016-09-14,11:45:00.000,533.680952
335,2016-09-14,12:00:00.000,533.680952
335,2016-09-14,12:15:00.000,519.540915
335,2016-09-14,12:30:00.000,509.440888
335,2016-09-14,12:45:00.000,497.320856
335,2016-09-14,13:00:00.000,499.340861
335,2016-09-14,13:15:00.000,497.320856
335,2016-09-14,13:30:00.000,489.240835
335,2016-09-14,13:45:00.000,483.180819
335,2016-09-14,14:00:00.000,487.220829
335,2016-09-14,14:15:00.000,489.240835
335,2016-09-14,14:30:00.000,485.200824
335,2016-09-14,14:45:00.000,479.140808
335,2016-09-14,15:00:00.000,473.080792
335,2016-09-14,15:15:00.000,491.26084
335,2016-09-14,15:30:00.000,489.240835
335,2016-09-14,15:45:00.000,481.160813
335,2016-09-14,16:00:00.000,477.120802
335,2016-09-14,16:15:00.000,471.060786
335,2016-09-14,16:30:00.000,456.920749
335,2016-09-14,16:45:00.000,446.820722
335,2016-09-14,17:00:00.000,440.760706
335,2016-09-14,17:15:00.000,428.640674
335,2016-09-14,17:30:00.000,426.620669
335,2016-09-14,17:45:00.000,420.560653
335,2016-09-14,18:00:00.000,416.520642
335,2016-09-14,18:15:00.000,406.420615
335,2016-09-14,18:30:00.000,404.40061
335,2016-09-14,18:45:00.000,404.40061
335,2016-09-14,19:00:00.000,402.380604
335,2016-09-14,19:15:00.000,408.44062
335,2016-09-14,19:30:00.000,404.40061
335,2016-09-14,19:45:00.000,402.380604
335,2016-09-14,20:00:00.000,402.380604
335,2016-09-14,20:15:00.000,396.320588
335,2016-09-14,20:30:00.000,400.360599
335,2016-09-14,20:45:00.000,398.340594
335,2016-09-14,21:00:00.000,400.360599
335,2016-09-14,21:15:00.000,396.320588
335,2016-09-14,21:30:00.000,398.340594
335,2016-09-14,21:45:00.000,404.40061
335,2016-09-14,22:00:00.000,404.40061
335,2016-09-14,22:15:00.000,402.380604
335,2016-09-14,22:30:00.000,402.380604
335,2016-09-14,22:45:00.000,404.40061
335,2016-09-14,23:00:00.000,402.380604
335,2016-09-14,23:15:00.000,406.420615
335,2016-09-14,23:30:00.000,404.40061
335,2016-09-14,23:45:00.000,404.40061
335,2016-09-15,00:00:00.000,404.40061
335,2016-09-15,00:15:00.000,404.40061
335,2016-09-15,00:30:00.000,407.454028
335,2016-09-15,00:45:00.000,407.454028
335,2016-09-15,01:00:00.000,407.454028
335,2016-09-15,01:15:00.000,407.454028
335,2016-09-15,01:30:00.000,407.454028
335,2016-09-15,01:45:00.000,402.274838
335,2016-09-15,02:00:00.000,412.633218
335,2016-09-15,02:15:00.000,412.633218
335,2016-09-15,02:30:00.000,412.633218
335,2016-09-15,02:45:00.000,412.633218
335,2016-09-15,03:00:00.000,407.454028
335,2016-09-15,03:15:00.000,407.454028
335,2016-09-15,03:30:00.000,407.454028
335,2016-09-15,03:45:00.000,407.454028
335,2016-09-15,04:00:00.000,412.633218
335,2016-09-15,04:15:00.000,412.633218
335,2016-09-15,04:30:00.000,407.454028
335,2016-09-15,04:45:00.000,412.633218
335,2016-09-15,05:00:00.000,412.633218
335,2016-09-15,05:15:00.000,412.633218
335,2016-09-15,05:30:00.000,412.633218
335,2016-09-15,05:45:00.000,412.633218
335,2016-09-15,06:00:00.000,412.633218
335,2016-09-15,06:15:00.000,412.633218
335,2016-09-15,06:30:00.000,417.812408
335,2016-09-15,06:45:00.000,417.812408
335,2016-09-15,07:00:00.000,428.170788
335,2016-09-15,07:15:00.000,448.887548
335,2016-09-15,07:30:00.000,464.425117
335,2016-09-15,07:45:00.000,459.245927
335,2016-09-15,08:00:00.000,469.604307
335,2016-09-15,08:15:00.000,474.783497
335,2016-09-15,08:30:00.000,490.321067
335,2016-09-15,08:45:00.000,490.321067
335,2016-09-15,09:00:00.000,495.500257
335,2016-09-15,09:15:00.000,490.321067
335,2016-09-15,09:30:00.000,495.500257
335,2016-09-15,09:45:00.000,490.321067
335,2016-09-15,10:00:00.000,495.500257
335,2016-09-15,10:15:00.000,500.679447
335,2016-09-15,10:30:00.000,495.500257
335,2016-09-15,10:45:00.000,505.858637
335,2016-09-15,11:00:00.000,536.933777
335,2016-09-15,11:15:00.000,552.471347
335,2016-09-15,11:30:00.000,568.008917
335,2016-09-15,11:45:00.000,583.546487
335,2016-09-15,12:00:00.000,542.112967
335,2016-09-15,12:15:00.000,526.575397
335,2016-09-15,12:30:00.000,516.217017
335,2016-09-15,12:45:00.000,516.217017
335,2016-09-15,13:00:00.000,552.471347
335,2016-09-15,13:15:00.000,536.933777
335,2016-09-15,13:30:00.000,536.933777
335,2016-09-15,13:45:00.000,640.517576
335,2016-09-15,14:00:00.000,573.188107
335,2016-09-15,14:15:00.000,878.760315
335,2016-09-15,14:30:00.000,863.222745
335,2016-09-15,14:45:00.000,852.864365
335,2016-09-15,15:00:00.000,837.326795
335,2016-09-15,15:15:00.000,837.326795
335,2016-09-15,15:30:00.000,816.610035
335,2016-09-15,15:45:00.000,764.818136
335,2016-09-15,16:00:00.000,713.026236
335,2016-09-15,16:15:00.000,531.754587
335,2016-09-15,16:30:00.000,454.066737
335,2016-09-15,16:45:00.000,438.529168
335,2016-09-15,17:00:00.000,428.170788
335,2016-09-15,17:15:00.000,417.812408
335,2016-09-15,17:30:00.000,412.633218
335,2016-09-15,17:45:00.000,407.454028
335,2016-09-15,18:00:00.000,407.454028
335,2016-09-15,18:15:00.000,407.454028
335,2016-09-15,18:30:00.000,407.454028
335,2016-09-15,18:45:00.000,407.454028
335,2016-09-15,19:00:00.000,407.454028
335,2016-09-15,19:15:00.000,417.812408
335,2016-09-15,19:30:00.000,428.170788
335,2016-09-15,19:45:00.000,433.349978
335,2016-09-15,20:00:00.000,433.349978
335,2016-09-15,20:15:00.000,428.170788
335,2016-09-15,20:30:00.000,422.991598
335,2016-09-15,20:45:00.000,417.812408
335,2016-09-15,21:00:00.000,412.633218
335,2016-09-15,21:15:00.000,412.633218
335,2016-09-15,21:30:00.000,407.454028
335,2016-09-15,21:45:00.000,407.454028
335,2016-09-15,22:00:00.000,407.454028
335,2016-09-15,22:15:00.000,407.454028
335,2016-09-15,22:30:00.000,407.454028
335,2016-09-15,22:45:00.000,407.454028
335,2016-09-15,23:00:00.000,402.274838
335,2016-09-15,23:15:00.000,402.274838
335,2016-09-15,23:30:00.000,412.633218
335,2016-09-15,23:45:00.000,407.454028
335,2016-09-16,00:00:00.000,407.454028
335,2016-09-16,00:15:00.000,402.274838
335,2016-09-16,00:30:00.000,406.130802
335,2016-09-16,00:45:00.000,411.26808
335,2016-09-16,01:00:00.000,406.130802
335,2016-09-16,01:15:00.000,406.130802
335,2016-09-16,01:30:00.000,406.130802
335,2016-09-16,01:45:00.000,406.130802
335,2016-09-16,02:00:00.000,406.130802
335,2016-09-16,02:15:00.000,406.130802
335,2016-09-16,02:30:00.000,406.130802
335,2016-09-16,02:45:00.000,411.26808
335,2016-09-16,03:00:00.000,406.130802
335,2016-09-16,03:15:00.000,406.130802
335,2016-09-16,03:30:00.000,406.130802
335,2016-09-16,03:45:00.000,411.26808
335,2016-09-16,04:00:00.000,406.130802
335,2016-09-16,04:15:00.000,406.130802
335,2016-09-16,04:30:00.000,406.130802
335,2016-09-16,04:45:00.000,406.130802
335,2016-09-16,05:00:00.000,406.130802
335,2016-09-16,05:15:00.000,411.26808
335,2016-09-16,05:30:00.000,411.26808
335,2016-09-16,05:45:00.000,406.130802
335,2016-09-16,06:00:00.000,411.26808
335,2016-09-16,06:15:00.000,411.26808
335,2016-09-16,06:30:00.000,426.679911
335,2016-09-16,06:45:00.000,426.679911
335,2016-09-16,07:00:00.000,426.679911
335,2016-09-16,07:15:00.000,416.405357
335,2016-09-16,07:30:00.000,411.26808
335,2016-09-16,07:45:00.000,421.542634
335,2016-09-16,08:00:00.000,442.091743
335,2016-09-16,08:15:00.000,457.503575
335,2016-09-16,08:30:00.000,472.915407
335,2016-09-16,08:45:00.000,467.77813
335,2016-09-16,09:00:00.000,478.052685
335,2016-09-16,09:15:00.000,488.327239
335,2016-09-16,09:30:00.000,488.327239
335,2016-09-16,09:45:00.000,467.77813
335,2016-09-16,10:00:00.000,478.052685
335,2016-09-16,10:15:00.000,472.915407
335,2016-09-16,10:30:00.000,472.915407
335,2016-09-16,10:45:00.000,488.327239
335,2016-09-16,11:00:00.000,483.189962
335,2016-09-16,11:15:00.000,467.77813
335,2016-09-16,11:30:00.000,452.366298
335,2016-09-16,11:45:00.000,462.640853
335,2016-09-16,12:00:00.000,457.503575
335,2016-09-16,12:15:00.000,462.640853
335,2016-09-16,12:30:00.000,478.052685
335,2016-09-16,12:45:00.000,478.052685
335,2016-09-16,13:00:00.000,478.052685
335,2016-09-16,13:15:00.000,478.052685
335,2016-09-16,13:30:00.000,467.77813
335,2016-09-16,13:45:00.000,467.77813
335,2016-09-16,14:00:00.000,467.77813
335,2016-09-16,14:15:00.000,467.77813
335,2016-09-16,14:30:00.000,457.503575
335,2016-09-16,14:45:00.000,472.915407
335,2016-09-16,15:00:00.000,462.640853
335,2016-09-16,15:15:00.000,457.503575
335,2016-09-16,15:30:00.000,447.229021
335,2016-09-16,15:45:00.000,493.464517
335,2016-09-16,16:00:00.000,462.640853
335,2016-09-16,16:15:00.000,416.405357
335,2016-09-16,16:30:00.000,395.856248
335,2016-09-16,16:45:00.000,380.444416
335,2016-09-16,17:00:00.000,375.307138
335,2016-09-16,17:15:00.000,380.444416
335,2016-09-16,17:30:00.000,370.169861
335,2016-09-16,17:45:00.000,370.169861
335,2016-09-16,18:00:00.000,370.169861
335,2016-09-16,18:15:00.000,370.169861
335,2016-09-16,18:30:00.000,370.169861
335,2016-09-16,18:45:00.000,370.169861
335,2016-09-16,19:00:00.000,375.307138
335,2016-09-16,19:15:00.000,375.307138
335,2016-09-16,19:30:00.000,370.169861
335,2016-09-16,19:45:00.000,370.169861
335,2016-09-16,20:00:00.000,370.169861
335,2016-09-16,20:15:00.000,370.169861
335,2016-09-16,20:30:00.000,375.307138
335,2016-09-16,20:45:00.000,370.169861
335,2016-09-16,21:00:00.000,370.169861
335,2016-09-16,21:15:00.000,370.169861
335,2016-09-16,21:30:00.000,370.169861
335,2016-09-16,21:45:00.000,370.169861
335,2016-09-16,22:00:00.000,370.169861
335,2016-09-16,22:15:00.000,370.169861
335,2016-09-16,22:30:00.000,370.169861
335,2016-09-16,22:45:00.000,370.169861
335,2016-09-16,23:00:00.000,370.169861
335,2016-09-16,23:15:00.000,370.169861
335,2016-09-16,23:30:00.000,370.169861
335,2016-09-16,23:45:00.000,370.169861
335,2016-09-17,00:00:00.000,370.169861
335,2016-09-17,00:15:00.000,370.169861
335,2016-09-17,00:30:00.000,368.354492
335,2016-09-17,00:45:00.000,368.354492
335,2016-09-17,01:00:00.000,368.354492
335,2016-09-17,01:15:00.000,368.354492
335,2016-09-17,01:30:00.000,373.510106
335,2016-09-17,01:45:00.000,368.354492
335,2016-09-17,02:00:00.000,368.354492
335,2016-09-17,02:15:00.000,368.354492
335,2016-09-17,02:30:00.000,368.354492
335,2016-09-17,02:45:00.000,368.354492
335,2016-09-17,03:00:00.000,368.354492
335,2016-09-17,03:15:00.000,368.354492
335,2016-09-17,03:30:00.000,368.354492
335,2016-09-17,03:45:00.000,368.354492
335,2016-09-17,04:00:00.000,368.354492
335,2016-09-17,04:15:00.000,368.354492
335,2016-09-17,04:30:00.000,368.354492
335,2016-09-17,04:45:00.000,368.354492
335,2016-09-17,05:00:00.000,368.354492
335,2016-09-17,05:15:00.000,368.354492
335,2016-09-17,05:30:00.000,368.354492
335,2016-09-17,05:45:00.000,368.354492
335,2016-09-17,06:00:00.000,368.354492
335,2016-09-17,06:15:00.000,368.354492
335,2016-09-17,06:30:00.000,368.354492
335,2016-09-17,06:45:00.000,368.354492
335,2016-09-17,07:00:00.000,368.354492
335,2016-09-17,07:15:00.000,368.354492
335,2016-09-17,07:30:00.000,368.354492
335,2016-09-17,07:45:00.000,368.354492
335,2016-09-17,08:00:00.000,368.354492
335,2016-09-17,08:15:00.000,368.354492
335,2016-09-17,08:30:00.000,373.510106
335,2016-09-17,08:45:00.000,368.354492
335,2016-09-17,09:00:00.000,368.354492
335,2016-09-17,09:15:00.000,373.510106
335,2016-09-17,09:30:00.000,373.510106
335,2016-09-17,09:45:00.000,373.510106
335,2016-09-17,10:00:00.000,388.976949
335,2016-09-17,10:15:00.000,394.132564
335,2016-09-17,10:30:00.000,394.132564
335,2016-09-17,10:45:00.000,394.132564
335,2016-09-17,11:00:00.000,388.976949
335,2016-09-17,11:15:00.000,394.132564
335,2016-09-17,11:30:00.000,394.132564
335,2016-09-17,11:45:00.000,388.976949
335,2016-09-17,12:00:00.000,394.132564
335,2016-09-17,12:15:00.000,394.132564
335,2016-09-17,12:30:00.000,388.976949
335,2016-09-17,12:45:00.000,394.132564
335,2016-09-17,13:00:00.000,388.976949
335,2016-09-17,13:15:00.000,388.976949
335,2016-09-17,13:30:00.000,388.976949
335,2016-09-17,13:45:00.000,388.976949
335,2016-09-17,14:00:00.000,388.976949
335,2016-09-17,14:15:00.000,388.976949
335,2016-09-17,14:30:00.000,388.976949
335,2016-09-17,14:45:00.000,388.976949
335,2016-09-17,15:00:00.000,394.132564
335,2016-09-17,15:15:00.000,388.976949
335,2016-09-17,15:30:00.000,394.132564
335,2016-09-17,15:45:00.000,388.976949
335,2016-09-17,16:00:00.000,394.132564
335,2016-09-17,16:15:00.000,388.976949
335,2016-09-17,16:30:00.000,394.132564
335,2016-09-17,16:45:00.000,388.976949
335,2016-09-17,17:00:00.000,394.132564
335,2016-09-17,17:15:00.000,394.132564
335,2016-09-17,17:30:00.000,388.976949
335,2016-09-17,17:45:00.000,394.132564
335,2016-09-17,18:00:00.000,394.132564
335,2016-09-17,18:15:00.000,394.132564
335,2016-09-17,18:30:00.000,394.132564
335,2016-09-17,18:45:00.000,394.132564
335,2016-09-17,19:00:00.000,394.132564
335,2016-09-17,19:15:00.000,388.976949
335,2016-09-17,19:30:00.000,394.132564
335,2016-09-17,19:45:00.000,394.132564
335,2016-09-17,20:00:00.000,388.976949
335,2016-09-17,20:15:00.000,394.132564
335,2016-09-17,20:30:00.000,394.132564
335,2016-09-17,20:45:00.000,394.132564
335,2016-09-17,21:00:00.000,394.132564
335,2016-09-17,21:15:00.000,394.132564
335,2016-09-17,21:30:00.000,394.132564
335,2016-09-17,21:45:00.000,394.132564
335,2016-09-17,22:00:00.000,394.132564
335,2016-09-17,22:15:00.000,394.132564
335,2016-09-17,22:30:00.000,394.132564
335,2016-09-17,22:45:00.000,399.288178
335,2016-09-17,23:00:00.000,394.132564
335,2016-09-17,23:15:00.000,394.132564
335,2016-09-17,23:30:00.000,394.132564
335,2016-09-17,23:45:00.000,394.132564
335,2016-09-18,00:00:00.000,394.132564
335,2016-09-18,00:15:00.000,399.288178
335,2016-09-18,00:30:00.000,397.205634
335,2016-09-18,00:45:00.000,397.205634
335,2016-09-18,01:00:00.000,398.51705
335,2016-09-18,01:15:00.000,394.582803
335,2016-09-18,01:30:00.000,399.828465
335,2016-09-18,01:45:00.000,401.139881
335,2016-09-18,02:00:00.000,401.139881
335,2016-09-18,02:15:00.000,398.51705
335,2016-09-18,02:30:00.000,395.894218
335,2016-09-18,02:45:00.000,401.139881
335,2016-09-18,03:00:00.000,402.451296
335,2016-09-18,03:15:00.000,403.762712
335,2016-09-18,03:30:00.000,401.139881
335,2016-09-18,03:45:00.000,403.762712
335,2016-09-18,04:00:00.000,403.762712
335,2016-09-18,04:15:00.000,401.139881
335,2016-09-18,04:30:00.000,401.139881
335,2016-09-18,04:45:00.000,405.074127
335,2016-09-18,05:00:00.000,399.828465
335,2016-09-18,05:15:00.000,401.139881
335,2016-09-18,05:30:00.000,402.451296
335,2016-09-18,05:45:00.000,403.762712
335,2016-09-18,06:00:00.000,398.51705
335,2016-09-18,06:15:00.000,403.762712
335,2016-09-18,06:30:00.000,401.139881
335,2016-09-18,06:45:00.000,399.828465
335,2016-09-18,07:00:00.000,401.139881
335,2016-09-18,07:15:00.000,399.828465
335,2016-09-18,07:30:00.000,401.139881
335,2016-09-18,07:45:00.000,403.762712
335,2016-09-18,08:00:00.000,401.139881
335,2016-09-18,08:15:00.000,402.451296
335,2016-09-18,08:30:00.000,401.139881
335,2016-09-18,08:45:00.000,401.139881
335,2016-09-18,09:00:00.000,398.51705
335,2016-09-18,09:15:00.000,399.828465
335,2016-09-18,09:30:00.000,399.828465
335,2016-09-18,09:45:00.000,397.205634
335,2016-09-18,10:00:00.000,394.582803
335,2016-09-18,10:15:00.000,401.139881
335,2016-09-18,10:30:00.000,397.205634
335,2016-09-18,10:45:00.000,395.894218
335,2016-09-18,11:00:00.000,393.271387
335,2016-09-18,11:15:00.000,394.582803
335,2016-09-18,11:30:00.000,395.894218
335,2016-09-18,11:45:00.000,391.959972
335,2016-09-18,12:00:00.000,394.582803
335,2016-09-18,12:15:00.000,395.894218
335,2016-09-18,12:30:00.000,394.582803
335,2016-09-18,12:45:00.000,397.205634
335,2016-09-18,13:00:00.000,395.894218
335,2016-09-18,13:15:00.000,397.205634
335,2016-09-18,13:30:00.000,397.205634
335,2016-09-18,13:45:00.000,399.828465
335,2016-09-18,14:00:00.000,401.139881
335,2016-09-18,14:15:00.000,395.894218
335,2016-09-18,14:30:00.000,399.828465
335,2016-09-18,14:45:00.000,397.205634
335,2016-09-18,15:00:00.000,397.205634
335,2016-09-18,15:15:00.000,393.271387
335,2016-09-18,15:30:00.000,390.648556
335,2016-09-18,15:45:00.000,388.025725
335,2016-09-18,16:00:00.000,389.337141
335,2016-09-18,16:15:00.000,389.337141
335,2016-09-18,16:30:00.000,386.71431
335,2016-09-18,16:45:00.000,386.71431
335,2016-09-18,17:00:00.000,389.337141
335,2016-09-18,17:15:00.000,386.71431
335,2016-09-18,17:30:00.000,386.71431
335,2016-09-18,17:45:00.000,386.71431
335,2016-09-18,18:00:00.000,386.71431
335,2016-09-18,18:15:00.000,389.337141
335,2016-09-18,18:30:00.000,388.025725
335,2016-09-18,18:45:00.000,386.71431
335,2016-09-18,19:00:00.000,389.337141
335,2016-09-18,19:15:00.000,386.71431
335,2016-09-18,19:30:00.000,390.648556
335,2016-09-18,19:45:00.000,389.337141
335,2016-09-18,20:00:00.000,386.71431
335,2016-09-18,20:15:00.000,390.648556
335,2016-09-18,20:30:00.000,390.648556
335,2016-09-18,20:45:00.000,391.959972
335,2016-09-18,21:00:00.000,390.648556
335,2016-09-18,21:15:00.000,391.959972
335,2016-09-18,21:30:00.000,394.582803
335,2016-09-18,21:45:00.000,394.582803
335,2016-09-18,22:00:00.000,395.894218
335,2016-09-18,22:15:00.000,390.648556
335,2016-09-18,22:30:00.000,397.205634
335,2016-09-18,22:45:00.000,394.582803
335,2016-09-18,23:00:00.000,393.271387
335,2016-09-18,23:15:00.000,395.894218
335,2016-09-18,23:30:00.000,395.894218
335,2016-09-18,23:45:00.000,394.582803
335,2016-09-19,00:00:00.000,395.894218
335,2016-09-19,00:15:00.000,397.205634
335,2016-09-19,00:30:00.000,394.904057
335,2016-09-19,00:45:00.000,400.306891
335,2016-09-19,01:00:00.000,397.605474
335,2016-09-19,01:15:00.000,401.6576
335,2016-09-19,01:30:00.000,398.956183
335,2016-09-19,01:45:00.000,398.956183
335,2016-09-19,02:00:00.000,403.008308
335,2016-09-19,02:15:00.000,401.6576
335,2016-09-19,02:30:00.000,401.6576
335,2016-09-19,02:45:00.000,401.6576
335,2016-09-19,03:00:00.000,404.359017
335,2016-09-19,03:15:00.000,404.359017
335,2016-09-19,03:30:00.000,404.359017
335,2016-09-19,03:45:00.000,405.709726
335,2016-09-19,04:00:00.000,405.709726
335,2016-09-19,04:15:00.000,409.761851
335,2016-09-19,04:30:00.000,403.008308
335,2016-09-19,04:45:00.000,405.709726
335,2016-09-19,05:00:00.000,404.359017
335,2016-09-19,05:15:00.000,405.709726
335,2016-09-19,05:30:00.000,407.060434
335,2016-09-19,05:45:00.000,407.060434
335,2016-09-19,06:00:00.000,405.709726
335,2016-09-19,06:15:00.000,408.411143
335,2016-09-19,06:30:00.000,405.709726
335,2016-09-19,06:45:00.000,408.411143
335,2016-09-19,07:00:00.000,419.216812
335,2016-09-19,07:15:00.000,435.425315
335,2016-09-19,07:30:00.000,446.230984
335,2016-09-19,07:45:00.000,443.529567
335,2016-09-19,08:00:00.000,462.439488
335,2016-09-19,08:15:00.000,471.894448
335,2016-09-19,08:30:00.000,478.647991
335,2016-09-19,08:45:00.000,488.102951
335,2016-09-19,09:00:00.000,496.207203
335,2016-09-19,09:15:00.000,515.117124
335,2016-09-19,09:30:00.000,517.818541
335,2016-09-19,09:45:00.000,515.117124
335,2016-09-19,10:00:00.000,512.415706
335,2016-09-19,10:15:00.000,515.117124
335,2016-09-19,10:30:00.000,520.519958
335,2016-09-19,10:45:00.000,509.714289
335,2016-09-19,11:00:00.000,502.960746
335,2016-09-19,11:15:00.000,500.259329
335,2016-09-19,11:30:00.000,501.610037
335,2016-09-19,11:45:00.000,494.856494
335,2016-09-19,12:00:00.000,508.36358
335,2016-09-19,12:15:00.000,504.311455
335,2016-09-19,12:30:00.000,496.207203
335,2016-09-19,12:45:00.000,486.752243
335,2016-09-19,13:00:00.000,478.647991
335,2016-09-19,13:15:00.000,484.050825
335,2016-09-19,13:30:00.000,482.700117
335,2016-09-19,13:45:00.000,488.102951
335,2016-09-19,14:00:00.000,484.050825
335,2016-09-19,14:15:00.000,489.45366
335,2016-09-19,14:30:00.000,494.856494
335,2016-09-19,14:45:00.000,500.259329
335,2016-09-19,15:00:00.000,500.259329
335,2016-09-19,15:15:00.000,497.557912
335,2016-09-19,15:30:00.000,479.9987
335,2016-09-19,15:45:00.000,467.842322
335,2016-09-19,16:00:00.000,457.036653
335,2016-09-19,16:15:00.000,439.477441
335,2016-09-19,16:30:00.000,434.074607
335,2016-09-19,16:45:00.000,423.268938
335,2016-09-19,17:00:00.000,413.813977
335,2016-09-19,17:15:00.000,413.813977
335,2016-09-19,17:30:00.000,408.411143
335,2016-09-19,17:45:00.000,401.6576
335,2016-09-19,18:00:00.000,398.956183
335,2016-09-19,18:15:00.000,397.605474
335,2016-09-19,18:30:00.000,393.553348
335,2016-09-19,18:45:00.000,394.904057
335,2016-09-19,19:00:00.000,393.553348
335,2016-09-19,19:15:00.000,404.359017
335,2016-09-19,19:30:00.000,404.359017
335,2016-09-19,19:45:00.000,396.254765
335,2016-09-19,20:00:00.000,396.254765
335,2016-09-19,20:15:00.000,394.904057
335,2016-09-19,20:30:00.000,396.254765
335,2016-09-19,20:45:00.000,398.956183
335,2016-09-19,21:00:00.000,398.956183
335,2016-09-19,21:15:00.000,398.956183
335,2016-09-19,21:30:00.000,398.956183
335,2016-09-19,21:45:00.000,393.553348
335,2016-09-19,22:00:00.000,401.6576
335,2016-09-19,22:15:00.000,400.306891
335,2016-09-19,22:30:00.000,400.306891
335,2016-09-19,22:45:00.000,401.6576
335,2016-09-19,23:00:00.000,401.6576
335,2016-09-19,23:15:00.000,403.008308
335,2016-09-19,23:30:00.000,403.008308
335,2016-09-19,23:45:00.000,401.6576
335,2016-09-20,00:00:00.000,400.306891
335,2016-09-20,00:15:00.000,401.6576
335,2016-09-20,00:30:00.000,403.633074
335,2016-09-20,00:45:00.000,405.503437
335,2016-09-20,01:00:00.000,405.503437
335,2016-09-20,01:15:00.000,399.892347
335,2016-09-20,01:30:00.000,405.503437
335,2016-09-20,01:45:00.000,401.76271
335,2016-09-20,02:00:00.000,403.633074
335,2016-09-20,02:15:00.000,403.633074
335,2016-09-20,02:30:00.000,403.633074
335,2016-09-20,02:45:00.000,403.633074
335,2016-09-20,03:00:00.000,403.633074
335,2016-09-20,03:15:00.000,401.76271
335,2016-09-20,03:30:00.000,405.503437
335,2016-09-20,03:45:00.000,399.892347
335,2016-09-20,04:00:00.000,403.633074
335,2016-09-20,04:15:00.000,407.3738
335,2016-09-20,04:30:00.000,403.633074
335,2016-09-20,04:45:00.000,405.503437
335,2016-09-20,05:00:00.000,407.3738
335,2016-09-20,05:15:00.000,407.3738
335,2016-09-20,05:30:00.000,405.503437
335,2016-09-20,05:45:00.000,403.633074
335,2016-09-20,06:00:00.000,403.633074
335,2016-09-20,06:15:00.000,409.244163
335,2016-09-20,06:30:00.000,412.984889
335,2016-09-20,06:45:00.000,414.855253
335,2016-09-20,07:00:00.000,414.855253
335,2016-09-20,07:15:00.000,418.595979
335,2016-09-20,07:30:00.000,418.595979
335,2016-09-20,07:45:00.000,422.336705
335,2016-09-20,08:00:00.000,433.558884
335,2016-09-20,08:15:00.000,442.9107
335,2016-09-20,08:30:00.000,442.9107
335,2016-09-20,08:45:00.000,450.392153
335,2016-09-20,09:00:00.000,463.484695
335,2016-09-20,09:15:00.000,472.836511
335,2016-09-20,09:30:00.000,478.4476
335,2016-09-20,09:45:00.000,484.05869
335,2016-09-20,10:00:00.000,482.188327
335,2016-09-20,10:15:00.000,482.188327
335,2016-09-20,10:30:00.000,480.317964
335,2016-09-20,10:45:00.000,469.095785
335,2016-09-20,11:00:00.000,459.743969
335,2016-09-20,11:15:00.000,457.873606
335,2016-09-20,11:30:00.000,461.614332
335,2016-09-20,11:45:00.000,463.484695
335,2016-09-20,12:00:00.000,467.225421
335,2016-09-20,12:15:00.000,472.836511
335,2016-09-20,12:30:00.000,474.706874
335,2016-09-20,12:45:00.000,469.095785
335,2016-09-20,13:00:00.000,474.706874
335,2016-09-20,13:15:00.000,470.966148
335,2016-09-20,13:30:00.000,470.966148
335,2016-09-20,13:45:00.000,482.188327
335,2016-09-20,14:00:00.000,493.410506
335,2016-09-20,14:15:00.000,510.243774
335,2016-09-20,14:30:00.000,517.725227
335,2016-09-20,14:45:00.000,513.984501
335,2016-09-20,15:00:00.000,521.465953
335,2016-09-20,15:15:00.000,506.503048
335,2016-09-20,15:30:00.000,482.188327
335,2016-09-20,15:45:00.000,469.095785
335,2016-09-20,16:00:00.000,459.743969
335,2016-09-20,16:15:00.000,457.873606
335,2016-09-20,16:30:00.000,448.52179
335,2016-09-20,16:45:00.000,441.040337
335,2016-09-20,17:00:00.000,571.965759
335,2016-09-20,17:15:00.000,467.225421
335,2016-09-20,17:30:00.000,418.595979
335,2016-09-20,17:45:00.000,403.633074
335,2016-09-20,18:00:00.000,398.021984
335,2016-09-20,18:15:00.000,396.151621
335,2016-09-20,18:30:00.000,398.021984
335,2016-09-20,18:45:00.000,392.410895
335,2016-09-20,19:00:00.000,394.281258
335,2016-09-20,19:15:00.000,394.281258
335,2016-09-20,19:30:00.000,392.410895
335,2016-09-20,19:45:00.000,392.410895
335,2016-09-20,20:00:00.000,394.281258
335,2016-09-20,20:15:00.000,388.670168
335,2016-09-20,20:30:00.000,392.410895
335,2016-09-20,20:45:00.000,394.281258
335,2016-09-20,21:00:00.000,394.281258
335,2016-09-20,21:15:00.000,394.281258
335,2016-09-20,21:30:00.000,396.151621
335,2016-09-20,21:45:00.000,396.151621
335,2016-09-20,22:00:00.000,394.281258
335,2016-09-20,22:15:00.000,396.151621
335,2016-09-20,22:30:00.000,394.281258
335,2016-09-20,22:45:00.000,396.151621
335,2016-09-20,23:00:00.000,396.151621
335,2016-09-20,23:15:00.000,398.021984
335,2016-09-20,23:30:00.000,399.892347
335,2016-09-20,23:45:00.000,398.021984
335,2016-09-21,00:00:00.000,401.76271
335,2016-09-21,00:15:00.000,399.892347
335,2016-09-21,00:30:00.000,398.230231
335,2016-09-21,00:45:00.000,400.439499
335,2016-09-21,01:00:00.000,398.230231
335,2016-09-21,01:15:00.000,400.439499
335,2016-09-21,01:30:00.000,398.230231
335,2016-09-21,01:45:00.000,398.230231
335,2016-09-21,02:00:00.000,402.648768
335,2016-09-21,02:15:00.000,402.648768
335,2016-09-21,02:30:00.000,400.439499
335,2016-09-21,02:45:00.000,402.648768
335,2016-09-21,03:00:00.000,400.439499
335,2016-09-21,03:15:00.000,402.648768
335,2016-09-21,03:30:00.000,400.439499
335,2016-09-21,03:45:00.000,400.439499
335,2016-09-21,04:00:00.000,402.648768
335,2016-09-21,04:15:00.000,404.858036
335,2016-09-21,04:30:00.000,402.648768
335,2016-09-21,04:45:00.000,404.858036
335,2016-09-21,05:00:00.000,407.067304
335,2016-09-21,05:15:00.000,407.067304
335,2016-09-21,05:30:00.000,404.858036
335,2016-09-21,05:45:00.000,404.858036
335,2016-09-21,06:00:00.000,404.858036
335,2016-09-21,06:15:00.000,404.858036
335,2016-09-21,06:30:00.000,429.159987
335,2016-09-21,06:45:00.000,415.904377
335,2016-09-21,07:00:00.000,420.322914
335,2016-09-21,07:15:00.000,418.113646
335,2016-09-21,07:30:00.000,424.741451
335,2016-09-21,07:45:00.000,422.532182
335,2016-09-21,08:00:00.000,437.99706
335,2016-09-21,08:15:00.000,446.834133
335,2016-09-21,08:30:00.000,449.043402
335,2016-09-21,08:45:00.000,460.089743
335,2016-09-21,09:00:00.000,464.50828
335,2016-09-21,09:15:00.000,479.973158
335,2016-09-21,09:30:00.000,488.810231
335,2016-09-21,09:45:00.000,502.06584
335,2016-09-21,10:00:00.000,499.856572
335,2016-09-21,10:15:00.000,504.275109
335,2016-09-21,10:30:00.000,499.856572
335,2016-09-21,10:45:00.000,493.228767
335,2016-09-21,11:00:00.000,504.275109
335,2016-09-21,11:15:00.000,541.83267
335,2016-09-21,11:30:00.000,552.879011
335,2016-09-21,11:45:00.000,530.786328
335,2016-09-21,12:00:00.000,537.414133
335,2016-09-21,12:15:00.000,528.57706
335,2016-09-21,12:30:00.000,519.739987
335,2016-09-21,12:45:00.000,517.530718
335,2016-09-21,13:00:00.000,517.530718
335,2016-09-21,13:15:00.000,526.367792
335,2016-09-21,13:30:00.000,608.110718
335,2016-09-21,13:45:00.000,502.06584
335,2016-09-21,14:00:00.000,484.391694
335,2016-09-21,14:15:00.000,475.554621
335,2016-09-21,14:30:00.000,462.299011
335,2016-09-21,14:45:00.000,460.089743
335,2016-09-21,15:00:00.000,471.136084
335,2016-09-21,15:15:00.000,475.554621
335,2016-09-21,15:30:00.000,475.554621
335,2016-09-21,15:45:00.000,468.926816
335,2016-09-21,16:00:00.000,449.043402
335,2016-09-21,16:15:00.000,453.461938
335,2016-09-21,16:30:00.000,442.415597
335,2016-09-21,16:45:00.000,446.834133
335,2016-09-21,17:00:00.000,442.415597
335,2016-09-21,17:15:00.000,424.741451
335,2016-09-21,17:30:00.000,420.322914
335,2016-09-21,17:45:00.000,415.904377
335,2016-09-21,18:00:00.000,409.276573
335,2016-09-21,18:15:00.000,409.276573
335,2016-09-21,18:30:00.000,409.276573
335,2016-09-21,18:45:00.000,409.276573
335,2016-09-21,19:00:00.000,404.858036
335,2016-09-21,19:15:00.000,404.858036
335,2016-09-21,19:30:00.000,409.276573
335,2016-09-21,19:45:00.000,409.276573
335,2016-09-21,20:00:00.000,409.276573
335,2016-09-21,20:15:00.000,411.485841
335,2016-09-21,20:30:00.000,409.276573
335,2016-09-21,20:45:00.000,411.485841
335,2016-09-21,21:00:00.000,413.695109
335,2016-09-21,21:15:00.000,413.695109
335,2016-09-21,21:30:00.000,415.904377
335,2016-09-21,21:45:00.000,413.695109
335,2016-09-21,22:00:00.000,415.904377
335,2016-09-21,22:15:00.000,413.695109
335,2016-09-21,22:30:00.000,415.904377
335,2016-09-21,22:45:00.000,418.113646
335,2016-09-21,23:00:00.000,418.113646
335,2016-09-21,23:15:00.000,415.904377
335,2016-09-21,23:30:00.000,418.113646
335,2016-09-21,23:45:00.000,418.113646
335,2016-09-22,00:00:00.000,415.904377
335,2016-09-22,00:15:00.000,413.695109
335,2016-09-22,00:30:00.000,418.113646
335,2016-09-22,00:45:00.000,418.113646
335,2016-09-22,01:00:00.000,415.904377
335,2016-09-22,01:15:00.000,418.113646
335,2016-09-22,01:30:00.000,415.904377
335,2016-09-22,01:45:00.000,415.904377
335,2016-09-22,02:00:00.000,418.113646
335,2016-09-22,02:15:00.000,418.113646
335,2016-09-22,02:30:00.000,418.113646
335,2016-09-22,02:45:00.000,418.113646
335,2016-09-22,03:00:00.000,420.322914
335,2016-09-22,03:15:00.000,413.695109
335,2016-09-22,03:30:00.000,415.904377
335,2016-09-22,03:45:00.000,415.904377
335,2016-09-22,04:00:00.000,415.904377
335,2016-09-22,04:15:00.000,413.695109
335,2016-09-22,04:30:00.000,415.904377
335,2016-09-22,04:45:00.000,415.904377
335,2016-09-22,05:00:00.000,411.485841
335,2016-09-22,05:15:00.000,415.904377
335,2016-09-22,05:30:00.000,413.695109
335,2016-09-22,05:45:00.000,415.904377
335,2016-09-22,06:00:00.000,413.695109
335,2016-09-22,06:15:00.000,418.113646
335,2016-09-22,06:30:00.000,433.578524
335,2016-09-22,06:45:00.000,431.369255
335,2016-09-22,07:00:00.000,429.159987
335,2016-09-22,07:15:00.000,420.322914
335,2016-09-22,07:30:00.000,418.113646
335,2016-09-22,07:45:00.000,418.113646
335,2016-09-22,08:00:00.000,426.950719
335,2016-09-22,08:15:00.000,429.159987
335,2016-09-22,08:30:00.000,433.578524
335,2016-09-22,08:45:00.000,442.415597
335,2016-09-22,09:00:00.000,449.043402
335,2016-09-22,09:15:00.000,453.461938
335,2016-09-22,09:30:00.000,464.50828
335,2016-09-22,09:45:00.000,471.136084
335,2016-09-22,10:00:00.000,471.136084
335,2016-09-22,10:15:00.000,466.717548
335,2016-09-22,10:30:00.000,466.717548
335,2016-09-22,10:45:00.000,468.926816
335,2016-09-22,11:00:00.000,468.926816
335,2016-09-22,11:15:00.000,464.50828
335,2016-09-22,11:30:00.000,468.926816
335,2016-09-22,11:45:00.000,462.299011
335,2016-09-22,12:00:00.000,462.299011
335,2016-09-22,12:15:00.000,464.50828
335,2016-09-22,12:30:00.000,464.50828
335,2016-09-22,12:45:00.000,464.50828
335,2016-09-22,13:00:00.000,471.136084
335,2016-09-22,13:15:00.000,513.112182
335,2016-09-22,13:30:00.000,499.856572
335,2016-09-22,13:45:00.000,493.228767
335,2016-09-22,14:00:00.000,497.647304
335,2016-09-22,14:15:00.000,491.019499
335,2016-09-22,14:30:00.000,499.856572
335,2016-09-22,14:45:00.000,541.83267
335,2016-09-22,15:00:00.000,532.995596
335,2016-09-22,15:15:00.000,528.57706
335,2016-09-22,15:30:00.000,510.902914
335,2016-09-22,15:45:00.000,497.647304
335,2016-09-22,16:00:00.000,493.228767
335,2016-09-22,16:15:00.000,491.019499
335,2016-09-22,16:30:00.000,495.438036
335,2016-09-22,16:45:00.000,453.461938
335,2016-09-22,17:00:00.000,422.532182
335,2016-09-22,17:15:00.000,409.276573
335,2016-09-22,17:30:00.000,404.858036
335,2016-09-22,17:45:00.000,398.230231
335,2016-09-22,18:00:00.000,396.020963
335,2016-09-22,18:15:00.000,396.020963
335,2016-09-22,18:30:00.000,393.811695
335,2016-09-22,18:45:00.000,393.811695
335,2016-09-22,19:00:00.000,391.602426
335,2016-09-22,19:15:00.000,391.602426
335,2016-09-22,19:30:00.000,391.602426
335,2016-09-22,19:45:00.000,391.602426
335,2016-09-22,20:00:00.000,391.602426
335,2016-09-22,20:15:00.000,393.811695
335,2016-09-22,20:30:00.000,391.602426
335,2016-09-22,20:45:00.000,389.393158
335,2016-09-22,21:00:00.000,393.811695
335,2016-09-22,21:15:00.000,393.811695
335,2016-09-22,21:30:00.000,393.811695
335,2016-09-22,21:45:00.000,393.811695
335,2016-09-22,22:00:00.000,398.230231
335,2016-09-22,22:15:00.000,393.811695
335,2016-09-22,22:30:00.000,396.020963
335,2016-09-22,22:45:00.000,396.020963
335,2016-09-22,23:00:00.000,398.230231
335,2016-09-22,23:15:00.000,391.602426
335,2016-09-22,23:30:00.000,400.439499
335,2016-09-22,23:45:00.000,398.230231
335,2016-09-23,00:00:00.000,393.811695
335,2016-09-23,00:15:00.000,393.811695
335,2016-09-23,00:30:00.000,396.992161
335,2016-09-23,00:45:00.000,394.746219
335,2016-09-23,01:00:00.000,396.992161
335,2016-09-23,01:15:00.000,396.992161
335,2016-09-23,01:30:00.000,396.992161
335,2016-09-23,01:45:00.000,396.992161
335,2016-09-23,02:00:00.000,394.746219
335,2016-09-23,02:15:00.000,394.746219
335,2016-09-23,02:30:00.000,401.484046
335,2016-09-23,02:45:00.000,401.484046
335,2016-09-23,03:00:00.000,401.484046
335,2016-09-23,03:15:00.000,403.729988
335,2016-09-23,03:30:00.000,401.484046
335,2016-09-23,03:45:00.000,399.238104
335,2016-09-23,04:00:00.000,399.238104
335,2016-09-23,04:15:00.000,401.484046
335,2016-09-23,04:30:00.000,396.992161
335,2016-09-23,04:45:00.000,399.238104
335,2016-09-23,05:00:00.000,401.484046
335,2016-09-23,05:15:00.000,399.238104
335,2016-09-23,05:30:00.000,396.992161
335,2016-09-23,05:45:00.000,399.238104
335,2016-09-23,06:00:00.000,399.238104
335,2016-09-23,06:15:00.000,401.484046
335,2016-09-23,06:30:00.000,403.729988
335,2016-09-23,06:45:00.000,414.959698
335,2016-09-23,07:00:00.000,408.221872
335,2016-09-23,07:15:00.000,410.467814
335,2016-09-23,07:30:00.000,410.467814
335,2016-09-23,07:45:00.000,412.713756
335,2016-09-23,08:00:00.000,419.451582
335,2016-09-23,08:15:00.000,428.435351
335,2016-09-23,08:30:00.000,430.681293
335,2016-09-23,08:45:00.000,437.419119
335,2016-09-23,09:00:00.000,462.124482
335,2016-09-23,09:15:00.000,518.273034
335,2016-09-23,09:30:00.000,498.059556
335,2016-09-23,09:45:00.000,495.813613
335,2016-09-23,10:00:00.000,498.059556
335,2016-09-23,10:15:00.000,500.305498
335,2016-09-23,10:30:00.000,498.059556
335,2016-09-23,10:45:00.000,507.043324
335,2016-09-23,11:00:00.000,549.716224
335,2016-09-23,11:15:00.000,495.813613
335,2016-09-23,11:30:00.000,468.862308
335,2016-09-23,11:45:00.000,453.140714
335,2016-09-23,12:00:00.000,444.156945
335,2016-09-23,12:15:00.000,432.927235
335,2016-09-23,12:30:00.000,482.337961
335,2016-09-23,12:45:00.000,462.124482
335,2016-09-23,13:00:00.000,473.354193
335,2016-09-23,13:15:00.000,498.059556
335,2016-09-23,13:30:00.000,491.321729
335,2016-09-23,13:45:00.000,498.059556
335,2016-09-23,14:00:00.000,489.075787
335,2016-09-23,14:15:00.000,516.027092
335,2016-09-23,14:30:00.000,513.78115
335,2016-09-23,14:45:00.000,462.124482
335,2016-09-23,15:00:00.000,439.665061
335,2016-09-23,15:15:00.000,432.927235
335,2016-09-23,15:30:00.000,423.943467
335,2016-09-23,15:45:00.000,421.697524
335,2016-09-23,16:00:00.000,410.467814
335,2016-09-23,16:15:00.000,405.97593
335,2016-09-23,16:30:00.000,401.484046
335,2016-09-23,16:45:00.000,399.238104
335,2016-09-23,17:00:00.000,396.992161
335,2016-09-23,17:15:00.000,394.746219
335,2016-09-23,17:30:00.000,394.746219
335,2016-09-23,17:45:00.000,394.746219
335,2016-09-23,18:00:00.000,390.254335
335,2016-09-23,18:15:00.000,390.254335
335,2016-09-23,18:30:00.000,385.762451
335,2016-09-23,18:45:00.000,385.762451
335,2016-09-23,19:00:00.000,385.762451
335,2016-09-23,19:15:00.000,388.008393
335,2016-09-23,19:30:00.000,388.008393
335,2016-09-23,19:45:00.000,390.254335
335,2016-09-23,20:00:00.000,388.008393
335,2016-09-23,20:15:00.000,388.008393
335,2016-09-23,20:30:00.000,390.254335
335,2016-09-23,20:45:00.000,388.008393
335,2016-09-23,21:00:00.000,388.008393
335,2016-09-23,21:15:00.000,392.500277
335,2016-09-23,21:30:00.000,390.254335
335,2016-09-23,21:45:00.000,388.008393
335,2016-09-23,22:00:00.000,390.254335
335,2016-09-23,22:15:00.000,388.008393
335,2016-09-23,22:30:00.000,388.008393
335,2016-09-23,22:45:00.000,390.254335
335,2016-09-23,23:00:00.000,390.254335
335,2016-09-23,23:15:00.000,390.254335
335,2016-09-23,23:30:00.000,390.254335
335,2016-09-23,23:45:00.000,388.008393
335,2016-09-24,00:00:00.000,385.762451
335,2016-09-24,00:15:00.000,390.254335
335,2016-09-24,00:30:00.000,389.10435
335,2016-09-24,00:45:00.000,389.10435
335,2016-09-24,01:00:00.000,390.7753
335,2016-09-24,01:15:00.000,389.10435
335,2016-09-24,01:30:00.000,387.433401
335,2016-09-24,01:45:00.000,390.7753
335,2016-09-24,02:00:00.000,389.10435
335,2016-09-24,02:15:00.000,390.7753
335,2016-09-24,02:30:00.000,389.10435
335,2016-09-24,02:45:00.000,387.433401
335,2016-09-24,03:00:00.000,387.433401
335,2016-09-24,03:15:00.000,387.433401
335,2016-09-24,03:30:00.000,389.10435
335,2016-09-24,03:45:00.000,389.10435
335,2016-09-24,04:00:00.000,387.433401
335,2016-09-24,04:15:00.000,389.10435
335,2016-09-24,04:30:00.000,387.433401
335,2016-09-24,04:45:00.000,385.762451
335,2016-09-24,05:00:00.000,389.10435
335,2016-09-24,05:15:00.000,385.762451
335,2016-09-24,05:30:00.000,387.433401
335,2016-09-24,05:45:00.000,390.7753
335,2016-09-24,06:00:00.000,390.7753
335,2016-09-24,06:15:00.000,390.7753
335,2016-09-24,06:30:00.000,390.7753
335,2016-09-24,06:45:00.000,389.10435
335,2016-09-24,07:00:00.000,389.10435
335,2016-09-24,07:15:00.000,389.10435
335,2016-09-24,07:30:00.000,387.433401
335,2016-09-24,07:45:00.000,387.433401
335,2016-09-24,08:00:00.000,390.7753
335,2016-09-24,08:15:00.000,390.7753
335,2016-09-24,08:30:00.000,390.7753
335,2016-09-24,08:45:00.000,387.433401
335,2016-09-24,09:00:00.000,389.10435
335,2016-09-24,09:15:00.000,389.10435
335,2016-09-24,09:30:00.000,389.10435
335,2016-09-24,09:45:00.000,390.7753
335,2016-09-24,10:00:00.000,390.7753
335,2016-09-24,10:15:00.000,385.762451
335,2016-09-24,10:30:00.000,389.10435
335,2016-09-24,10:45:00.000,390.7753
335,2016-09-24,11:00:00.000,392.446249
335,2016-09-24,11:15:00.000,389.10435
335,2016-09-24,11:30:00.000,389.10435
335,2016-09-24,11:45:00.000,389.10435
335,2016-09-24,12:00:00.000,390.7753
335,2016-09-24,12:15:00.000,389.10435
335,2016-09-24,12:30:00.000,389.10435
335,2016-09-24,12:45:00.000,387.433401
335,2016-09-24,13:00:00.000,390.7753
335,2016-09-24,13:15:00.000,389.10435
335,2016-09-24,13:30:00.000,394.117199
335,2016-09-24,13:45:00.000,390.7753
335,2016-09-24,14:00:00.000,392.446249
335,2016-09-24,14:15:00.000,389.10435
335,2016-09-24,14:30:00.000,390.7753
335,2016-09-24,14:45:00.000,392.446249
335,2016-09-24,15:00:00.000,392.446249
335,2016-09-24,15:15:00.000,390.7753
335,2016-09-24,15:30:00.000,394.117199
335,2016-09-24,15:45:00.000,394.117199
335,2016-09-24,16:00:00.000,392.446249
335,2016-09-24,16:15:00.000,392.446249
335,2016-09-24,16:30:00.000,394.117199
335,2016-09-24,16:45:00.000,390.7753
335,2016-09-24,17:00:00.000,394.117199
335,2016-09-24,17:15:00.000,395.788149
335,2016-09-24,17:30:00.000,397.459098
335,2016-09-24,17:45:00.000,399.130048
335,2016-09-24,18:00:00.000,395.788149
335,2016-09-24,18:15:00.000,395.788149
335,2016-09-24,18:30:00.000,399.130048
335,2016-09-24,18:45:00.000,395.788149
335,2016-09-24,19:00:00.000,397.459098
335,2016-09-24,19:15:00.000,399.130048
335,2016-09-24,19:30:00.000,395.788149
335,2016-09-24,19:45:00.000,400.800997
335,2016-09-24,20:00:00.000,397.459098
335,2016-09-24,20:15:00.000,402.471947
335,2016-09-24,20:30:00.000,397.459098
335,2016-09-24,20:45:00.000,400.800997
335,2016-09-24,21:00:00.000,397.459098
335,2016-09-24,21:15:00.000,402.471947
335,2016-09-24,21:30:00.000,397.459098
335,2016-09-24,21:45:00.000,397.459098
335,2016-09-24,22:00:00.000,399.130048
335,2016-09-24,22:15:00.000,399.130048
335,2016-09-24,22:30:00.000,402.471947
335,2016-09-24,22:45:00.000,400.800997
335,2016-09-24,23:00:00.000,402.471947
335,2016-09-24,23:15:00.000,400.800997
335,2016-09-24,23:30:00.000,400.800997
335,2016-09-24,23:45:00.000,400.800997
335,2016-09-25,00:00:00.000,400.800997
335,2016-09-25,00:15:00.000,400.800997
335,2016-09-25,00:30:00.000,399.13821
335,2016-09-25,00:45:00.000,399.13821
335,2016-09-25,01:00:00.000,399.13821
335,2016-09-25,01:15:00.000,399.13821
335,2016-09-25,01:30:00.000,399.13821
335,2016-09-25,01:45:00.000,399.13821
335,2016-09-25,02:00:00.000,399.13821
335,2016-09-25,02:15:00.000,399.13821
335,2016-09-25,02:30:00.000,399.13821
335,2016-09-25,02:45:00.000,396.566787
335,2016-09-25,03:00:00.000,399.13821
335,2016-09-25,03:15:00.000,399.13821
335,2016-09-25,03:30:00.000,396.566787
335,2016-09-25,03:45:00.000,399.13821
335,2016-09-25,04:00:00.000,401.709632
335,2016-09-25,04:15:00.000,399.13821
335,2016-09-25,04:30:00.000,399.13821
335,2016-09-25,04:45:00.000,396.566787
335,2016-09-25,05:00:00.000,399.13821
335,2016-09-25,05:15:00.000,399.13821
335,2016-09-25,05:30:00.000,399.13821
335,2016-09-25,05:45:00.000,396.566787
335,2016-09-25,06:00:00.000,399.13821
335,2016-09-25,06:15:00.000,396.566787
335,2016-09-25,06:30:00.000,399.13821
335,2016-09-25,06:45:00.000,393.995365
335,2016-09-25,07:00:00.000,396.566787
335,2016-09-25,07:15:00.000,399.13821
335,2016-09-25,07:30:00.000,401.709632
335,2016-09-25,07:45:00.000,396.566787
335,2016-09-25,08:00:00.000,396.566787
335,2016-09-25,08:15:00.000,393.995365
335,2016-09-25,08:30:00.000,399.13821
335,2016-09-25,08:45:00.000,399.13821
335,2016-09-25,09:00:00.000,396.566787
335,2016-09-25,09:15:00.000,396.566787
335,2016-09-25,09:30:00.000,396.566787
335,2016-09-25,09:45:00.000,393.995365
335,2016-09-25,10:00:00.000,396.566787
335,2016-09-25,10:15:00.000,393.995365
335,2016-09-25,10:30:00.000,396.566787
335,2016-09-25,10:45:00.000,396.566787
335,2016-09-25,11:00:00.000,388.85252
335,2016-09-25,11:15:00.000,393.995365
335,2016-09-25,11:30:00.000,391.423942
335,2016-09-25,11:45:00.000,393.995365
335,2016-09-25,12:00:00.000,391.423942
335,2016-09-25,12:15:00.000,386.281097
335,2016-09-25,12:30:00.000,391.423942
335,2016-09-25,12:45:00.000,391.423942
335,2016-09-25,13:00:00.000,391.423942
335,2016-09-25,13:15:00.000,391.423942
335,2016-09-25,13:30:00.000,391.423942
335,2016-09-25,13:45:00.000,388.85252
335,2016-09-25,14:00:00.000,391.423942
335,2016-09-25,14:15:00.000,391.423942
335,2016-09-25,14:30:00.000,391.423942
335,2016-09-25,14:45:00.000,391.423942
335,2016-09-25,15:00:00.000,391.423942
335,2016-09-25,15:15:00.000,391.423942
335,2016-09-25,15:30:00.000,391.423942
335,2016-09-25,15:45:00.000,391.423942
335,2016-09-25,16:00:00.000,391.423942
335,2016-09-25,16:15:00.000,393.995365
335,2016-09-25,16:30:00.000,388.85252
335,2016-09-25,16:45:00.000,388.85252
335,2016-09-25,17:00:00.000,391.423942
335,2016-09-25,17:15:00.000,393.995365
335,2016-09-25,17:30:00.000,391.423942
335,2016-09-25,17:45:00.000,391.423942
335,2016-09-25,18:00:00.000,388.85252
335,2016-09-25,18:15:00.000,391.423942
335,2016-09-25,18:30:00.000,391.423942
335,2016-09-25,18:45:00.000,391.423942
335,2016-09-25,19:00:00.000,391.423942
335,2016-09-25,19:15:00.000,393.995365
335,2016-09-25,19:30:00.000,396.566787
335,2016-09-25,19:45:00.000,391.423942
335,2016-09-25,20:00:00.000,391.423942
335,2016-09-25,20:15:00.000,393.995365
335,2016-09-25,20:30:00.000,393.995365
335,2016-09-25,20:45:00.000,393.995365
335,2016-09-25,21:00:00.000,393.995365
335,2016-09-25,21:15:00.000,396.566787
335,2016-09-25,21:30:00.000,391.423942
335,2016-09-25,21:45:00.000,396.566787
335,2016-09-25,22:00:00.000,393.995365
335,2016-09-25,22:15:00.000,393.995365
335,2016-09-25,22:30:00.000,393.995365
335,2016-09-25,22:45:00.000,396.566787
335,2016-09-25,23:00:00.000,393.995365
335,2016-09-25,23:15:00.000,396.566787
335,2016-09-25,23:30:00.000,396.566787
